1332,日本水産
1333,マルハニチロ
1605,国際石油開発帝石
1719,安藤・間
1720,東急建設
1721,コムシスホールディングス
1766,東建コーポレーション
1801,大成建設
1802,大林組
1803,清水建設
1808,長谷工コーポレーション
1812,鹿島建設
1820,西松建設
1821,三井住友建設
1824,前田建設工業
1860,戸田建設
1861,熊谷組
1878,大東建託
1881,ＮＩＰＰＯ
1893,五洋建設
1911,住友林業
1925,大和ハウス工業
1928,積水ハウス
1951,協和エクシオ
1959,九電工
2201,森永製菓
2222,寿スピリッツ
2229,カルビー
2264,森永乳業
2267,ヤクルト本社
2269,明治ホールディングス
2282,日本ハム
2502,アサヒグループホールディングス
2503,キリンホールディングス
2587,サントリー食品インターナショナル
2593,伊藤園
2801,キッコーマン
2802,味の素
2809,キユーピー
2811,カゴメ
2815,アリアケジャパン
2871,ニチレイ
2875,東洋水産
2897,日清食品ホールディングス
2914,日本たばこ産業
3401,帝人
3402,東レ
8111,ゴールドウイン
3861,王子ホールディングス
3405,クラレ
3407,旭化成
4004,昭和電工
4005,住友化学
4021,日産化学
4042,東ソー
4043,トクヤマ
4061,デンカ
4063,信越化学工業
4088,エア・ウォーター
4091,日本酸素ホールディングス
4182,三菱瓦斯化学
4183,三井化学
4185,ＪＳＲ
4188,三菱ケミカルホールディングス
4189,ＫＨネオケム
4202,ダイセル
4204,積水化学工業
4206,アイカ工業
4208,宇部興産
4403,日油
4452,花王
4612,日本ペイントホールディングス
4613,関西ペイント
4631,ＤＩＣ
4911,資生堂
4912,ライオン
4921,ファンケル
4922,コーセー
4927,ポーラ・オルビスホールディングス
4967,小林製薬
6988,日東電工
7988,ニフコ
8113,ユニ・チャーム
4151,協和キリン
4502,武田薬品工業
4503,アステラス製薬
4506,大日本住友製薬
4507,塩野義製薬
4516,日本新薬
4519,中外製薬
4521,科研製薬
4523,エーザイ
4527,ロート製薬
4528,小野薬品工業
4530,久光製薬
4536,参天製薬
4555,沢井製薬
4568,第一三共
4578,大塚ホールディングス
5019,出光興産
5020,ＥＮＥＯＳホールディングス
5021,コスモエネルギーホールディングス
5101,横浜ゴム
5105,ＴＯＹＯ　ＴＩＲＥ
5108,ブリヂストン
5110,住友ゴム工業
5201,ＡＧＣ
5233,太平洋セメント
5301,東海カーボン
5332,ＴＯＴＯ
5333,日本碍子
5334,日本特殊陶業
5393,ニチアス
5401,日本製鉄
5411,ジェイ　エフ　イー　ホールディングス
5713,住友金属鉱山
5801,古河電気工業
5802,住友電気工業
5857,アサヒホールディングス
3436,ＳＵＭＣＯ
5929,三和ホールディングス
5947,リンナイ
5631,日本製鋼所
6005,三浦工業
6113,アマダ
6134,ＦＵＪＩ
6136,オーエスジー
6141,ＤＭＧ森精機
6146,ディスコ
6268,ナブテスコ
6273,ＳＭＣ
6301,小松製作所
6302,住友重機械工業
6305,日立建機
6326,クボタ
6367,ダイキン工業
6383,ダイフク
6432,竹内製作所
6465,ホシザキ
6471,日本精工
6481,ＴＨＫ
6586,マキタ
7011,三菱重工業
7013,ＩＨＩ
6448,ブラザー工業
6479,ミネベアミツミ
6501,日立製作所
6503,三菱電機
6504,富士電機
6506,安川電機
6588,東芝テック
6594,日本電産
6645,オムロン
6670,ＭＣＪ
6701,日本電気
6702,富士通
6723,ルネサスエレクトロニクス
6724,セイコーエプソン
6728,アルバック
6750,エレコム
6752,パナソニック
6753,シャープ
6754,アンリツ
6758,ソニー
6762,ＴＤＫ
6770,アルプスアルパイン
6841,横河電機
6845,アズビル
6849,日本光電工業
6856,堀場製作所
6857,アドバンテスト
6861,キーエンス
6869,シスメックス
6877,ＯＢＡＲＡ　ＧＲＯＵＰ
6920,レーザーテック
6923,スタンレー電気
6952,カシオ計算機
6954,ファナック
6965,浜松ホトニクス
6971,京セラ
6976,太陽誘電
6981,村田製作所
7276,小糸製作所
7735,ＳＣＲＥＥＮホールディングス
7751,キヤノン
8035,東京エレクトロン
3116,トヨタ紡織
6201,豊田自動織機
6902,デンソー
7202,いすゞ自動車
7203,トヨタ自動車
7205,日野自動車
7259,アイシン精機
7261,マツダ
7267,本田技研工業
7269,スズキ
7270,ＳＵＢＡＲＵ
7272,ヤマハ発動機
7282,豊田合成
7309,シマノ
7313,テイ・エス　テック
4543,テルモ
7701,島津製作所
7717,ブイ・テクノロジー
7729,東京精密
7731,ニコン
7733,オリンパス
7741,ＨＯＹＡ
7747,朝日インテック
7832,バンダイナムコホールディングス
7846,パイロットコーポレーション
7951,ヤマハ
7956,ピジョン
7974,任天堂
9502,中部電力
9503,関西電力
9504,中国電力
9506,東北電力
9508,九州電力
9509,北海道電力
9513,電源開発
9531,東京瓦斯
9532,大阪瓦斯
9001,東武鉄道
9003,相鉄ホールディングス
9005,東急
9007,小田急電鉄
9008,京王電鉄
9009,京成電鉄
9020,東日本旅客鉄道
9021,西日本旅客鉄道
9022,東海旅客鉄道
9024,西武ホールディングス
9041,近鉄グループホールディングス
9042,阪急阪神ホールディングス
9044,南海電気鉄道
9045,京阪ホールディングス
9048,名古屋鉄道
9062,日本通運
9064,ヤマトホールディングス
9065,山九
9086,日立物流
9142,九州旅客鉄道
9201,日本航空
9202,ＡＮＡホールディングス
2317,システナ
2327,日鉄ソリューションズ
3626,ＴＩＳ
3635,コーエーテクモホールディングス
3659,ネクソン
3738,ティーガイア
3765,ガンホー・オンライン・エンターテイメント
3769,ＧＭＯペイメントゲートウェイ
3932,アカツキ
4307,野村総合研究所
4348,インフォコム
4684,オービック
4686,ジャストシステム
4689,Ｚホールディングス
4704,トレンドマイクロ
4716,日本オラクル
4739,伊藤忠テクノソリューションズ
4768,大塚商会
4816,東映アニメーション
4819,デジタルガレージ
8056,日本ユニシス
9432,日本電信電話
9433,ＫＤＤＩ
9435,光通信
9602,東宝
9613,エヌ・ティ・ティ・データ
9684,スクウェア・エニックス・ホールディングス
9697,カプコン
9719,ＳＣＳＫ
9766,コナミホールディングス
9984,ソフトバンクグループ
2768,双日
2784,アルフレッサ　ホールディングス
3038,神戸物産
3107,ダイワボウホールディングス
3167,ＴＯＫＡＩホールディングス
3360,シップヘルスケアホールディングス
3543,コメダホールディングス
7458,第一興商
7459,メディパルホールディングス
7575,日本ライフライン
8001,伊藤忠商事
8002,丸紅
8015,豊田通商
8020,兼松
8031,三井物産
8053,住友商事
8058,三菱商事
8088,岩谷産業
8283,ＰＡＬＴＡＣ
9810,日鉄物産
9962,ミスミグループ本社
2651,ローソン
2670,エービーシー・マート
2702,日本マクドナルドホールディングス
2782,セリア
3048,ビックカメラ
3064,ＭｏｎｏｔａＲＯ
3086,Ｊ．フロント　リテイリング
3088,マツモトキヨシホールディングス
3092,ＺＯＺＯ
3141,ウエルシアホールディングス
3148,クリエイトＳＤホールディングス
3197,すかいらーくホールディングス
3349,コスモス薬品
3382,セブン＆アイ・ホールディングス
3391,ツルハホールディングス
3549,クスリのアオキホールディングス
3563,スシローグローバルホールディングス
7419,ノジマ
7453,良品計画
7532,パン・パシフィック・インターナショナルホールディングス
7550,ゼンショーホールディングス
7564,ワークマン
7649,スギホールディングス
8252,丸井グループ
8267,イオン
8273,イズミ
8279,ヤオコー
8282,ケーズホールディングス
9627,アインホールディングス
9843,ニトリホールディングス
9983,ファーストリテイリング
9989,サンドラッグ
7167,めぶきフィナンシャルグループ
7186,コンコルディア・フィナンシャルグループ
8303,新生銀行
8304,あおぞら銀行
8306,三菱ＵＦＪフィナンシャル・グループ
8308,りそなホールディングス
8309,三井住友トラスト・ホールディングス
8316,三井住友フィナンシャルグループ
8331,千葉銀行
8354,ふくおかフィナンシャルグループ
8410,セブン銀行
8411,みずほフィナンシャルグループ
7148,ＦＰＧ
8473,ＳＢＩホールディングス
8601,大和証券グループ本社
8604,野村ホールディングス
8630,ＳＯＭＰＯホールディングス
8725,ＭＳ＆ＡＤインシュアランスグループホールディングス
8750,第一生命ホールディングス
8766,東京海上ホールディングス
8795,Ｔ＆Ｄホールディングス
7164,全国保証
8424,芙蓉総合リース
8439,東京センチュリー
8570,イオンフィナンシャルサービス
8572,アコム
8585,オリエントコーポレーション
8591,オリックス
8593,三菱ＵＦＪリース
8697,日本取引所グループ
2337,いちご
3003,ヒューリック
3231,野村不動産ホールディングス
3288,オープンハウス
3289,東急不動産ホールディングス
3291,飯田グループホールディングス
4666,パーク２４
8801,三井不動産
8802,三菱地所
8804,東京建物
8830,住友不動産
8850,スターツコーポレーション
8905,イオンモール
9706,日本空港ビルデング
2121,ミクシィ
2127,日本Ｍ＆Ａセンター
2146,ＵＴグループ
2175,エス・エム・エス
2181,パーソルホールディングス
2331,綜合警備保障
2371,カカクコム
2379,ディップ
2412,ベネフィット・ワン
2413,エムスリー
2427,アウトソーシング
2433,博報堂ＤＹホールディングス
4324,電通グループ
4661,オリエンタルランド
4732,ユー・エス・エス
4755,楽天
4849,エン・ジャパン
6028,テクノプロ・ホールディングス
6035,アイ・アールジャパンホールディングス
6098,リクルートホールディングス
6532,ベイカレント・コンサルティング
8876,リログループ
9603,エイチ・アイ・エス
9678,カナモト
9735,セコム
9744,メイテック